,x,y,time,theta
0.0,282.5,252.0,0.23504996299743652,-0.10856280301772192
1.0,286.5,265.5,0.2897524833679199,-0.09837483894817603
2.0,280.5,337.0,0.30222129821777344,-0.044603354547648244
3.0,280.0,269.0,0.3340165615081787,-0.09573520642770278
4.0,282.5,286.0,0.3700850009918213,-0.08292445174668991
5.0,282.5,286.5,0.4020674228668213,-0.08254793022884468
6.0,287.5,288.5,0.4340174198150635,-0.08104199915785698
7.0,283.0,286.0,0.47003746032714844,-0.08292445174668991
8.0,294.5,287.5,0.5020902156829834,-0.0817949336418208
9.0,286.5,286.5,0.5345547199249268,-0.08254793022884468
10.0,287.0,294.5,0.5700850486755371,-0.07652570793098137
11.0,287.5,293.5,0.6022458076477051,-0.07727826548026298
12.0,286.0,283.5,0.634148120880127,-0.08480729054957162
13.0,288.49981689453125,286.537353515625,0.6701083183288574,-0.0825198020449282
14.0,287.0,294.0,0.7020480632781982,-0.0769019787758311
15.0,185.0934600830078,430.31402587890625,0.7342112064361572,0.025007857097051556
16.0,173.5,436.5,0.7661423683166504,0.029596449056395746
17.0,201.0,476.5,0.802128791809082,0.05918099844581315
18.0,206.0,479.5,0.8341703414916992,0.06139361253960479
19.0,203.5,477.5,0.8665637969970703,0.059918635512291374
20.0,205.8730926513672,479.09991455078125,0.9022016525268555,0.06109858586276695
21.0,193.7604522705078,473.1075744628906,0.9340970516204834,0.05667788463472484
22.0,204.0,473.5,0.9666879177093506,0.05696749520507799
23.0,205.5,480.0,1.0022327899932861,0.061762294767752524
24.0,203.5,478.5,1.0343680381774902,0.060656173603767516
25.0,203.5,479.5,1.066152811050415,0.06139361253960479
26.0,202.5,478.0,1.102144718170166,0.06028741694119816
27.0,199.49681091308594,488.6533508300781,1.134230136871338,0.06813901108765841
28.0,200.0,478.0,1.166567325592041,0.06028741694119816
29.0,202.5,475.0,1.202085256576538,0.05807435766349489
30.0,201.0,477.0,1.2340574264526367,0.059549829339631544
31.0,200.0,477.0,1.2661633491516113,0.059549829339631544
32.0,202.0,477.0,1.2980189323425293,0.059549829339631544
33.0,205.5,480.0,1.334031581878662,0.061762294767752524
34.0,201.0,477.0,1.3660223484039307,0.059549829339631544
35.0,203.0,477.5,1.3980348110198975,0.059918635512291374
36.0,204.0,476.0,1.4340226650238037,0.05881214285344011
37.0,166.49996948242188,447.8079833984375,1.4660022258758545,0.03797533645063084
38.0,168.50010681152344,443.55126953125,1.4980401992797852,0.03482262443239653
39.0,205.0,474.5,1.5340800285339355,0.05770542811117951
40.0,183.6930389404297,462.46417236328125,1.5660576820373535,0.0488173101251973
41.0,202.5,478.0,1.5980489253997803,0.06028741694119816
42.0,185.57589721679688,466.8108825683594,1.6339967250823975,0.05202885750647018
43.0,203.5,480.0,1.666398525238037,0.061762294767752524
44.0,203.5,489.5,1.6980631351470947,0.0687625087098232
45.0,205.5,477.0,1.734083890914917,0.059549829339631544
46.0,184.31582641601562,464.0525207519531,1.7660744190216064,0.049991065841831106
47.0,202.0,477.0,1.7980694770812988,0.059549829339631544
48.0,204.5,480.0,1.830087661743164,0.061762294767752524
49.0,206.0,476.5,1.8660485744476318,0.05918099844581315
50.0,204.0,474.5,1.898082971572876,0.05770542811117951
51.0,206.0,476.5,1.9300343990325928,0.05918099844581315
52.0,204.0,477.5,1.9660670757293701,0.059918635512291374
53.0,205.0,486.0,1.9980640411376953,0.06618453625430332
54.0,205.0,475.0,2.0300796031951904,0.05807435766349489
55.0,202.5,477.0,2.0660619735717773,0.059549829339631544
56.0,203.0,487.5,2.098052740097046,0.0672895327985844
57.0,207.0,474.5,2.130066394805908,0.05770542811117951
58.0,192.0793914794922,499.15765380859375,2.1660454273223877,0.07586953576334399
59.0,203.5,474.0,2.197983980178833,0.057336473950822975
60.0,195.05709838867188,493.59027099609375,2.230018377304077,0.07177368283775315
61.0,204.5,475.5,2.266024589538574,0.05844326258512622
62.0,202.5,494.97540283203125,2.298037052154541,0.07279300299951552
63.0,204.5,480.0,2.3300299644470215,0.061762294767752524
64.0,207.5,475.5,2.3661069869995117,0.05844326258512622
65.0,204.0,480.0,2.3980329036712646,0.061762294767752524
66.0,199.0,509.6378173828125,2.4304230213165283,0.0835709860068431
67.0,202.5,475.0,2.46203351020813,0.05807435766349489
68.0,204.0,472.0,2.498012065887451,0.05586041168218486
69.0,198.0,451.4509582519531,2.530029058456421,0.04067214056455415
70.0,206.0,475.5,2.5620429515838623,0.05844326258512622
71.0,205.0,474.5,2.5980236530303955,0.05770542811117951
72.0,190.38864135742188,456.37139892578125,2.630056858062744,0.0443126344378158
73.0,198.50003051757812,470.4434814453125,2.6620166301727295,0.05471138125882147
74.0,194.5,454.9769287109375,2.6980814933776855,0.04328113855212257
75.0,196.5,454.3307800292969,2.7300310134887695,0.04280311689559707
76.0,203.5,473.5,2.7620596885681152,0.05696749520507799
77.0,209.5,476.5,2.7980263233184814,0.05918099844581315
78.0,205.0,474.5,2.8300163745880127,0.05770542811117951
79.0,206.0,475.5,2.8620307445526123,0.05844326258512622
80.0,193.3203887939453,459.6172790527344,2.8981261253356934,0.04671290933620692
81.0,207.0,475.0,2.9300103187561035,0.05807435766349489
82.0,199.4686737060547,471.78692626953125,2.962203025817871,0.055703133508875236
83.0,196.967041015625,464.8741760253906,2.9940590858459473,0.050598156105288394
84.0,199.0,489.5,3.0300872325897217,0.0687625087098232
85.0,206.0,475.0,3.0620388984680176,0.05807435766349489
86.0,206.0,472.0,3.0940444469451904,0.05586041168218486
87.0,190.13714599609375,463.733642578125,3.1300370693206787,0.049755441160178826
88.0,205.0,475.5,3.162081718444824,0.05844326258512622
89.0,205.0,474.5,3.1940557956695557,0.05770542811117951
90.0,200.0,460.956787109375,3.2300567626953125,0.04770315988285889
91.0,203.5,475.0,3.2620770931243896,0.05807435766349489
92.0,192.5,463.9166564941406,3.2940497398376465,0.049890674555943204
93.0,204.0,474.0,3.3300373554229736,0.057336473950822975
94.0,186.15370178222656,457.08685302734375,3.362067222595215,0.0448417872878753
95.0,206.0,476.0,3.3939967155456543,0.05881214285344011
96.0,207.609375,473.984375,3.4301276206970215,0.057324943737042666
97.0,201.0,469.680419921875,3.462040901184082,0.054147998608786996
98.0,202.5,472.0,3.4940550327301025,0.05586041168218486
99.0,203.5,476.0,3.530163049697876,0.05881214285344011
100.0,184.0,486.1476745605469,3.5620763301849365,0.06629333288586375
101.0,208.5,476.0,3.594069242477417,0.05881214285344011
102.0,177.25558471679688,435.7274169921875,3.626030921936035,0.029023557719564885
103.0,195.51368713378906,468.9346618652344,3.662036895751953,0.053597336546245045
104.0,170.36859130859375,454.9309997558594,3.694061040878296,0.04324716155691055
105.0,203.0,471.0,3.7260782718658447,0.0551222334890501
106.0,198.5,511.9610595703125,3.762057065963745,0.08527669308101932
107.0,206.0,475.5,3.794059991836548,0.05844326258512622
108.0,191.0,483.4480285644531,3.826237678527832,0.06430407052929987
109.0,186.1800537109375,483.4112548828125,3.8620593547821045,0.06427696841598518
110.0,191.5,451.8916015625,3.894096612930298,0.040998253311828825
111.0,205.0,475.5,3.926062822341919,0.05844326258512622
112.0,207.0,473.5,3.96207857131958,0.05696749520507799
113.0,206.0,474.0,3.9940805435180664,0.057336473950822975
114.0,205.0,475.5,4.026090145111084,0.05844326258512622
115.0,203.0,476.0,4.062115669250488,0.05881214285344011
116.0,204.0,477.0,4.094053745269775,0.059549829339631544
117.0,208.44967651367188,475.25018310546875,4.126033067703247,0.058258948301576796
118.0,209.0,476.0,4.158080339431763,0.05881214285344011
119.0,202.5,474.0,4.194063901901245,0.057336473950822975
120.0,205.0,474.0,4.226086616516113,0.057336473950822975
121.0,208.5,476.0,4.25808310508728,0.05881214285344011
122.0,205.0,474.5,4.294111967086792,0.05770542811117951
123.0,206.0,476.0,4.326141357421875,0.05881214285344011
124.0,190.13951110839844,495.8900146484375,4.358123779296875,0.0734659595632407
125.0,186.7351531982422,463.80596923828125,4.39408802986145,0.04980888545968687
126.0,203.0,474.0,4.426164388656616,0.057336473950822975
127.0,206.0,475.0,4.458089351654053,0.05807435766349489
128.0,207.3297882080078,475.7978820800781,4.494091272354126,0.05866303119844535
129.0,191.60333251953125,467.19427490234375,4.526506423950195,0.05231203744995899
130.0,206.0,474.0,4.558103561401367,0.057336473950822975
131.0,204.5,473.0,4.594128847122192,0.05659849189660693
132.0,204.5,476.5,4.6261115074157715,0.05918099844581315
133.0,195.0,487.118408203125,4.658130407333374,0.06700844920068522
134.0,210.0,474.0,4.690158367156982,0.057336473950822975
135.0,208.5,474.0,4.726174831390381,0.057336473950822975
136.0,203.5,472.0,4.758155584335327,0.05586041168218486
137.0,205.0,473.5,4.790087938308716,0.05696749520507799
138.0,203.5,474.5,4.826128005981445,0.05770542811117951
139.0,204.0,472.5,4.858121871948242,0.056229464048081934
140.0,204.5,475.5,4.890120506286621,0.05844326258512622
141.0,206.94760131835938,475.08758544921875,4.926126956939697,0.05813898085009084
142.0,204.5,476.0,4.958093166351318,0.05881214285344011
143.0,767.5,437.0,4.9901580810546875,0.029967183585919877
144.0,751.5,438.5,5.026173830032349,0.031079249785396168
145.0,729.5,441.0,5.058161020278931,0.03293223408751489
146.0,731.5,437.5,5.090177297592163,0.030337895232827816
147.0,698.5,444.5,5.1261138916015625,0.03552544255442541
148.0,709.0966796875,443.5325012207031,5.158108949661255,0.0348087200531933
149.0,697.327392578125,451.39483642578125,5.19011378288269,0.04063060442561228
150.0,687.0,454.5,5.226216077804565,0.04292830988095364
151.0,681.44921875,455.8144226074219,5.258138179779053,0.043900658709310314
152.0,672.5,461.5,5.2901365756988525,0.04810468875757207
153.0,662.5,463.5,5.322134256362915,0.049582792329528946
154.0,662.5,466.0,5.358219861984253,0.051429879205784124
155.0,655.5,467.5,5.390151262283325,0.05253784085465735
156.0,655.0,462.5,5.422168970108032,0.048843788666965315
157.0,645.0,466.0,5.458178520202637,0.051429879205784124
158.0,640.0,461.5,5.490150213241577,0.04810468875757207
159.0,630.0,466.0,5.522188186645508,0.051429879205784124
160.0,623.0,463.0,5.558117866516113,0.04921330254053924
161.0,612.5,468.5,5.59013819694519,0.053276360541792134
162.0,613.121337890625,463.1339416503906,5.6221489906311035,0.049312285047523
163.0,606.0,465.0,5.658156156539917,0.050691116960393745
164.0,600.0,468.0,5.6901209354400635,0.05290711285462496
165.0,552.0,499.5,5.722162246704102,0.07612129178363575
166.0,588.5,468.5,5.758232831954956,0.053276360541792134
167.0,580.0,464.5,5.790143251419067,0.05032169956230664
168.0,547.6416015625,475.8597717285156,5.822115421295166,0.058708690457456025
169.0,511.5,488.5,5.854147434234619,0.06802607123088866
170.0,526.5,477.0,5.890123605728149,0.059549829339631544
171.0,534.0,472.0,5.92213249206543,0.05586041168218486
172.0,516.5,481.0,5.954114675521851,0.06249958463177929
173.0,496.0,486.5,5.990108251571655,0.0665528935919733
174.0,498.3346252441406,484.4925537109375,6.0221428871154785,0.06507382647142768
175.0,496.5,490.5,6.054133653640747,0.06949884505648363
176.0,502.6898498535156,492.69195556640625,6.090117454528809,0.07111250694448312
177.0,506.5,483.0,6.122140407562256,0.0639738653601048
178.0,504.0,481.5,6.154151201248169,0.06286819222259693
179.0,502.5,481.5,6.190124034881592,0.06286819222259693
180.0,525.0,465.5,6.222133159637451,0.05106051018249502
181.0,511.5,478.0,6.254186630249023,0.06028741694119816
182.0,536.0,473.0,6.290225028991699,0.05659849189660693
183.0,528.5,467.5,6.322134494781494,0.05253784085465735
184.0,556.1148071289062,476.9190673828125,6.354170083999634,0.05949013011686177
185.0,564.0,471.0,6.390204906463623,0.0551222334890501
186.0,552.5,473.5,6.422201871871948,0.05696749520507799
187.0,566.0,484.5,6.454156398773193,0.06507931357287494
188.0,567.0,486.5,6.486146688461304,0.0665528935919733
189.0,562.5,494.5,6.522179841995239,0.07244317554785795
190.0,535.0,473.5,6.554107427597046,0.05696749520507799
191.0,550.5,480.0,6.58613133430481,0.061762294767752524
192.0,540.0,463.5,6.622127532958984,0.049582792329528946
193.0,561.5,461.0,6.654186964035034,0.04773510276753001
194.0,539.5,475.0,6.686098098754883,0.05807435766349489
195.0,546.4102783203125,495.95556640625,6.722138166427612,0.07351418820118899
196.0,553.7098388671875,466.5299072265625,6.7541344165802,0.05182131539654211
197.0,536.0,481.0,6.7861363887786865,0.06249958463177929
198.0,528.5,479.5,6.822132110595703,0.06139361253960479
199.0,514.2905578613281,495.5712890625,6.8541436195373535,0.07323145614339222
200.0,511.2954406738281,483.26312255859375,6.886149644851685,0.06416779388580335
201.0,495.5475769042969,489.9494934082031,6.9222400188446045,0.0690934995671007
202.0,471.6054382324219,493.7559814453125,6.954153776168823,0.07189563965499174
203.0,444.06005859375,496.76458740234375,6.986133098602295,0.0741093760190425
204.0,415.2780456542969,503.3375244140625,7.018144845962524,0.07894252002389784
205.0,326.8444519042969,491.5451354980469,7.054149150848389,0.07026830803470763
206.0,309.0,466.0,7.086159944534302,0.051429879205784124
207.0,301.5,478.5,7.118204832077026,0.060656173603767516
208.0,307.5,472.0,7.15412449836731,0.05586041168218486
209.0,294.9963684082031,482.85186767578125,7.186159133911133,0.06386468473850337
210.0,281.3116149902344,465.5805358886719,7.218155860900879,0.05112000674313316
211.0,313.5,465.0,7.254124402999878,0.050691116960393745
212.0,314.0,473.2397766113281,7.286174774169922,0.05677545168612763
213.0,408.0,484.5,7.318178176879883,0.06507931357287494
214.0,426.5,481.0,7.354122877120972,0.06249958463177929
215.0,471.9325866699219,472.35955810546875,7.386152029037476,0.05612580569631659
216.0,496.5,466.5,7.418195009231567,0.05179922400744408
217.0,511.0,472.0,7.454209089279175,0.05586041168218486
218.0,539.0,451.5,7.486181735992432,0.04070843644736599
219.0,551.0,461.0,7.518209457397461,0.04773510276753001
220.0,540.0,460.0,7.5501885414123535,0.04699585883126961
221.0,578.0,463.0,7.586139678955078,0.04921330254053924
222.0,582.064208984375,471.51458740234375,7.618192434310913,0.05550210291360724
223.0,587.8355712890625,468.0205383300781,7.650191307067871,0.05292228079537281
224.0,592.7322387695312,470.1280517578125,7.686146974563599,0.05447850049055636
225.0,599.0693359375,478.752685546875,7.718176364898682,0.060842523133730064
226.0,602.4539184570312,484.4833984375,7.750214099884033,0.0650670800276048
227.0,604.0125122070312,487.96588134765625,7.786203145980835,0.06763268486505003
228.0,604.2860717773438,488.8993225097656,7.818199157714844,0.06832015941081565
229.0,606.5518188476562,493.06341552734375,7.850159168243408,0.0713859179423475
230.0,608.343505859375,509.9261474609375,7.8861424922943115,0.08378270655842496
231.0,607.40625,513.51904296875,7.91813325881958,0.0864202352098879
232.0,604.7526245117188,513.5782470703125,7.950167655944824,0.08646368530774406
233.0,605.549072265625,511.18255615234375,7.98620343208313,0.08470518477392558
234.0,601.5098876953125,508.2349853515625,8.018222332000732,0.08254076342024036
235.0,600.0313720703125,499.785888671875,8.05018138885498,0.07633152058794562
236.0,594.3214721679688,491.2466735839844,8.086193323135376,0.07004858190063512
237.0,575.4810180664062,497.00482177734375,8.118205070495605,0.07428610089230053
238.0,572.0,478.5,8.150164365768433,0.060656173603767516
239.0,535.7420043945312,507.2750244140625,8.18218469619751,0.08183566142619231
240.0,533.0164794921875,480.8448181152344,8.218183517456055,0.062385177125745706
241.0,523.5,484.5,8.25015902519226,0.06507931357287494
242.0,505.6978759765625,483.56231689453125,8.282191514968872,0.06438829988501027
243.0,451.0,477.0,8.318195819854736,0.059549829339631544
244.0,395.7208251953125,472.0126953125,8.350143671035767,0.05586978245558066
245.0,359.0,465.5,8.382234573364258,0.05106051018249502
246.0,296.5,486.5,8.41815996170044,0.0665528935919733
247.0,270.557373046875,482.78692626953125,8.450216054916382,0.06381681911855436
248.0,240.0096435546875,479.413818359375,8.482203245162964,0.06133006275125802
249.0,195.5941162109375,491.724609375,8.518227815628052,0.07040043143187563
250.0,164.5525360107422,462.18365478515625,8.550198078155518,0.0486099883463475
251.0,144.15936279296875,455.5235900878906,8.58213996887207,0.043685528440762955
252.0,136.0,454.5,8.618205785751343,0.04292830988095364
253.0,136.0,455.5,8.650143146514893,0.04366807838256992
254.0,136.5,460.0,8.682215213775635,0.04699585883126961
255.0,136.0,462.0,8.714213848114014,0.04847425073168171
256.0,136.5,464.0,8.7501699924469,0.049952258011069894
257.0,136.5,469.0,8.782214403152466,0.053645583893389914
258.0,136.0,470.0,8.81419587135315,0.05438395749885078
259.0,136.0,472.0,8.850173711776733,0.05586041168218486
260.0,136.5,472.0,8.882205963134766,0.05586041168218486
261.0,134.0,468.0,8.914170980453491,0.05290711285462496
262.0,136.5,475.0,8.950181007385254,0.05807435766349489
263.0,135.0,472.0,8.982157945632935,0.05586041168218486
264.0,136.0,470.5,9.01418137550354,0.05475310770722447
265.0,147.83416748046875,483.1811218261719,9.050199508666992,0.0641073578447181
266.0,170.29769897460938,495.39251708984375,9.082186222076416,0.07309991951855255
267.0,199.54025268554688,500.12530517578125,9.114146947860718,0.07658110026342319
268.0,231.49298095703125,495.6937255859375,9.150211572647095,0.0733215404551224
269.0,247.66673278808594,495.20281982421875,9.18215560913086,0.07296034072376634
270.0,264.5,508.139404296875,9.214239835739136,0.08247056238401851
271.0,269.0,500.85711669921875,9.246227264404297,0.07711917537485802
272.0,275.0,495.376220703125,9.282151460647583,0.07308792882050119
273.0,276.0,488.1116027832031,9.314216613769531,0.06774001373435351
274.0,277.947265625,491.32171630859375,9.346201658248901,0.07010382882113536
275.0,294.19293212890625,455.8332824707031,9.382197141647339,0.04391460916701373
276.0,297.6189270019531,471.1593933105469,9.414163589477539,0.055239900711503864
277.0,306.5,468.0,9.446214199066162,0.05290711285462496
278.0,352.7629089355469,433.89178466796875,9.48217511177063,0.027662167985940844
279.0,343.6900329589844,416.5788269042969,9.51425814628601,0.014807163768980891
280.0,319.3486328125,400.78546142578125,9.546188592910767,0.003057520864633123
281.0,313.9430236816406,378.0443115234375,9.58218240737915,-0.013897902292516306
282.0,269.5,442.5,9.614198684692383,0.034043748025113674
283.0,264.0,434.5,9.646146059036255,0.028113282579499854
284.0,213.5,463.0,9.6821928024292,0.04921330254053924
285.0,209.38294982910156,457.2023620605469,9.714208841323853,0.04492721368297525
286.0,196.0,463.6388854980469,9.746212244033813,0.04968542159903877
287.0,200.04493713378906,472.483154296875,9.782233476638794,0.05621703055386518
288.0,190.0,457.3172607421875,9.814241170883179,0.045012187422515504
289.0,184.75572204589844,464.2315368652344,9.846196174621582,0.05012333968961313
290.0,190.0,462.53765869140625,9.878195524215698,0.048871620323006404
291.0,190.05467224121094,470.4542541503906,9.914165019989014,0.05471933454222894
292.0,196.0,471.5137634277344,9.946244955062866,0.05550149467465604
293.0,185.0,469.46429443359375,9.97820234298706,0.053988418776421354
294.0,209.0,476.5,10.01419186592102,0.05918099844581315
295.0,214.5,477.5,10.046175241470337,0.059918635512291374
296.0,252.5,436.0,10.078234195709229,0.029225691667616682
297.0,254.0,438.0,10.114217042922974,0.030708583973767523
298.0,249.0,438.5,10.146258354187012,0.031079249785396168
299.0,305.01910400390625,409.0329284667969,10.178245544433594,0.009195994442509292
300.0,300.59686279296875,434.75115966796875,10.214266538619995,0.02829955840942605
301.0,302.0503234863281,469.09832763671875,10.246233463287354,0.05371819074716955
302.0,295.0,481.9805908203125,10.27829384803772,0.06322246758009897
303.0,250.0,485.5218200683594,10.314295530319214,0.06583223057539955
304.0,272.5,485.0,10.346263647079468,0.0654477462223218
305.0,259.55120849609375,468.9941101074219,10.378212451934814,0.05364123466336668
306.0,263.5573425292969,491.1495666503906,10.410267114639282,0.06997709032436905
307.0,261.0,494.5228271484375,10.446215391159058,0.07245997354156358
308.0,259.0,488.3235168457031,10.478173732757568,0.06789609193611623
309.0,252.48712158203125,470.4258117675781,10.51020860671997,0.05469833604704022
310.0,247.92031860351562,494.85931396484375,10.546191453933716,0.07270758057927323
311.0,241.04144287109375,494.0255126953125,10.57820463180542,0.07209399879961592
312.0,241.94102478027344,497.3067626953125,10.610186338424683,0.07450821088569254
313.0,241.5,455.089599609375,10.646198987960815,0.04336448857911479
314.0,246.0,489.5045166015625,10.67823338508606,0.0687658346752072
315.0,266.5,487.7571105957031,10.710241317749023,0.067478914265026
316.0,267.91033935546875,500.00897216796875,10.746267795562744,0.07649555963596544
317.0,267.0,499.02947998046875,10.778207302093506,0.07577527563844072
318.0,278.381591796875,494.17950439453125,10.810194730758667,0.07220732430757743
319.0,271.8418273925781,451.0091857910156,10.84624433517456,0.040345173788147504
320.0,303.8550109863281,357.61163330078125,10.878205299377441,-0.02916763575648762
321.0,218.84719848632812,472.027099609375,10.910245418548584,0.05588041466011784
322.0,204.5,472.5,10.946277618408203,0.056229464048081934
323.0,215.0,405.0,10.97819447517395,0.006195068902774381
324.0,209.0,434.5,11.010200023651123,0.028113282579499854
325.0,210.02664184570312,450.3180236816406,11.042205810546875,0.03983359068634146
326.0,232.0,471.5,11.078219413757324,0.05549133482160723
327.0,213.0,444.5,11.110199928283691,0.03552544255442541
328.0,228.75794982910156,453.64166259765625,11.142259359359741,0.04229326331097227
329.0,197.5,428.1558532714844,11.178202629089355,0.023406166614569346
330.0,216.0,417.5,11.210237264633179,0.015491812557544282
331.0,196.2850799560547,445.4652404785156,11.242223262786865,0.03624040542693219
332.0,189.0,438.3082275390625,11.278237342834473,0.030937085507802553
333.0,205.0,469.0,11.310208320617676,0.053645583893389914
334.0,197.51681518554688,452.48309326171875,11.342241764068604,0.04143597764277429
335.0,369.5513000488281,226.12428283691406,11.378227472305298,-0.1281177177009823
336.0,375.57086181640625,286.968017578125,11.410216093063354,-0.08219550687181046
337.0,210.22476196289062,465.81732177734375,11.442299365997314,0.05129493065937096
338.0,379.0921630859375,440.95391845703125,11.478282451629639,0.032898083945617995
339.0,354.75445556640625,442.1889953613281,11.510201454162598,0.03381330779012354
340.0,309.0,473.5,11.542263269424438,0.05696749520507799
341.0,324.0,492.0,11.574217319488525,0.07060315956249769
342.0,311.5,491.4081726074219,11.61025071144104,0.07016747777763682
343.0,338.5467224121094,502.46795654296875,11.642212629318237,0.07830337416924948
344.0,358.5,532.0,11.674224138259888,0.099965352566115
345.0,324.6213684082031,492.4007568359375,11.710208415985107,0.0708981619572106
346.0,325.0,483.5700988769531,11.742291450500488,0.06439403508066288
347.0,298.25311279296875,499.0234375,11.774239301681519,0.075770831905138
348.0,308.7320861816406,500.50457763671875,11.810258388519287,0.07685997277190137
349.0,273.32196044921875,476.771240234375,11.842244386672974,0.05938108506845774
350.0,301.75225830078125,508.6253662109375,11.874239921569824,0.08282747498417209
351.0,318.24786376953125,473.0404357910156,11.910253524780273,0.05662833469028933
352.0,343.57342529296875,509.180908203125,11.94228196144104,0.08323546012840533
353.0,347.0962829589844,499.3292236328125,11.974291801452637,0.07599570702864722
354.0,349.9729919433594,494.3238525390625,12.010353326797485,0.07231355073914936
355.0,354.48931884765625,492.00531005859375,12.042266845703125,0.07060706847336734
356.0,361.6224365234375,478.22332763671875,12.07428526878357,0.06045212711104936
357.0,364.43182373046875,468.0570983886719,12.10631251335144,0.05294928098066015
358.0,365.610595703125,459.2109680175781,12.14230728149414,0.04641250410576392
359.0,370.603759765625,448.8780822753906,12.174276113510132,0.038767633333218865
360.0,376.0,439.5,12.206276416778564,0.03182051252739437
361.0,381.701904296875,443.8215637207031,12.242248058319092,0.035022866477636694
362.0,390.0,440.4285583496094,12.274322509765625,0.03250873586644509
363.0,404.5694274902344,436.7369689941406,12.306260108947754,0.02977215708457931
364.0,402.5,414.5,12.342291593551636,0.013261832076096769
365.0,407.4323425292969,396.9820251464844,12.374238967895508,0.00022472989295696522
366.0,418.5,394.0,12.406293869018555,-0.0019971256258839443
367.0,427.0,391.5,12.4422447681427,-0.0038604039816150237
368.0,439.5,385.5,12.474262475967407,-0.008334379734450115
369.0,443.5127868652344,379.99847412109375,12.506272554397583,-0.012439248385076151
370.0,447.19256591796875,371.004638671875,12.54228687286377,-0.01915508581745079
371.0,453.5003967285156,374.10321044921875,12.574273586273193,-0.016840606109969125
372.0,461.0,370.5,12.60629415512085,-0.019532097799681125
373.0,461.9671630859375,369.3479309082031,12.642341613769531,-0.020392875622141038
374.0,477.5,370.5,12.674304485321045,-0.019532097799681125
375.0,482.7813415527344,373.3771057128906,12.706271886825562,-0.017382902139316037
376.0,489.0,377.5,12.738314390182495,-0.014304249702757843
377.0,494.0,379.5,12.774248838424683,-0.01281129734294889
378.0,502.97052001953125,361.51190185546875,12.80630874633789,-0.02625038001959007
379.0,509.6422424316406,354.67779541015625,12.838282346725464,-0.03136280242309425
380.0,504.3196716308594,384.74591064453125,12.874268770217896,-0.00889688495049551
381.0,512.0223388671875,356.5793762207031,12.906261682510376,-0.02993992025144343
382.0,509.9509582519531,357.7283020019531,12.938278436660767,-0.029080355020662696
383.0,500.50390625,380.9498596191406,12.974268913269043,-0.011729213036003883
384.0,497.5,379.0,13.006300687789917,-0.013184505286906734
385.0,494.78509521484375,377.9864501953125,13.03827691078186,-0.013941096649515483
386.0,487.5,371.5,13.074292659759521,-0.0187850244128715
387.0,477.0,369.5,13.106314897537231,-0.02027924997910341
388.0,469.14990234375,359.57977294921875,13.138291597366333,-0.02769539481783384
389.0,453.7375183105469,358.64178466796875,13.174349308013916,-0.028397007658946594
390.0,436.3065490722656,353.2807312011719,13.206308841705322,-0.0324083480396144
391.0,417.6513366699219,358.58843994140625,13.238293886184692,-0.02843691140151061
392.0,400.5714111328125,360.899169921875,13.270350694656372,-0.026708603423980015
393.0,397.5,363.5,13.306307315826416,-0.024763806709277525
394.0,383.7575378417969,369.7893371582031,13.338274717330933,-0.02006306300154409
395.0,369.5,371.5,13.370308876037598,-0.0187850244128715
396.0,335.7132263183594,330.9806823730469,13.40627408027649,-0.04911698511455531
397.0,337.5,369.5,13.438251256942749,-0.02027924997910341
398.0,323.94146728515625,366.1986389160156,13.470261812210083,-0.022746426087739913
399.0,253.6100616455078,425.3226623535156,13.50627088546753,0.021302875290771017
400.0,259.12744140625,420.04229736328125,13.538271188735962,0.017380951619127227
401.0,266.07000732421875,426.6330871582031,13.570269107818604,0.02227579186353884
402.0,255.15786743164062,435.4058532714844,13.606257677078247,0.028785093399819717
403.0,269.9713439941406,405.7223815917969,13.638246536254883,0.006732699819944621
404.0,257.7186279296875,430.56512451171875,13.670259952545166,0.025194182988083624
405.0,252.67318725585938,430.77557373046875,13.706272602081299,0.025350340894189916
406.0,251.92530822753906,417.294921875,13.738237142562866,0.015339397606924765
407.0,255.2679901123047,417.69354248046875,13.770267486572266,0.01563565077804885
408.0,254.22496032714844,421.6262512207031,13.806288957595825,0.018557673003679664
409.0,253.312744140625,417.17169189453125,13.838281869888306,0.015247810775179949
410.0,281.2154235839844,349.8741149902344,13.87030816078186,-0.034958433409526424
411.0,213.91506958007812,393.1528625488281,13.90226697921753,-0.002628448564702346
412.0,293.9957275390625,300.55145263671875,13.938254356384277,-0.07197300461771458
413.0,222.18682861328125,485.3844299316406,13.970290422439575,0.06573100224449813
414.0,200.0,481.5,14.00227403640747,0.06286819222259693
415.0,197.5,474.0,14.038309097290039,0.057336473950822975
416.0,214.0,477.0,14.070253372192383,0.059549829339631544
417.0,219.0,475.5,14.10260558128357,0.05844326258512622
418.0,203.5,472.5,14.138336181640625,0.056229464048081934
419.0,202.5,476.0,14.170315980911255,0.05881214285344011
420.0,206.0,476.5,14.202329397201538,0.05918099844581315
421.0,219.0,476.5,14.238352298736572,0.05918099844581315
422.0,191.44383239746094,493.87896728515625,14.270319700241089,0.07198615091679311
423.0,207.0,466.0,14.302319288253784,0.051429879205784124
424.0,201.5,477.0,14.338386535644531,0.059549829339631544
425.0,206.5,478.0,14.370364427566528,0.06028741694119816
426.0,204.5,476.5,14.402366876602173,0.05918099844581315
427.0,224.0,477.0,14.434341192245483,0.059549829339631544
428.0,204.87600708007812,456.0404357910156,14.470348358154297,0.04406783624145372
429.0,208.5,477.5,14.502334833145142,0.059918635512291374
430.0,202.0,475.5,14.534342288970947,0.05844326258512622
431.0,210.72251892089844,474.1217956542969,14.570312261581421,0.05742635024340581
432.0,204.0,477.0,14.602358102798462,0.059549829339631544
433.0,208.5,480.0,14.634333848953247,0.061762294767752524
434.0,206.0,486.5,14.670330286026001,0.0665528935919733
435.0,201.76498413085938,476.8525390625,14.70235276222229,0.05944105561014995
436.0,194.7146453857422,492.7423095703125,14.73432993888855,0.07114957054593651
437.0,203.0,474.5,14.770362854003906,0.05770542811117951
438.0,203.0,476.0,14.802353620529175,0.05881214285344011
439.0,202.5,477.5,14.83431339263916,0.059918635512291374
440.0,214.0,476.5,14.870429039001465,0.05918099844581315
441.0,190.2895965576172,464.4563293457031,14.902346849441528,0.05028943301610045
442.0,215.5,477.0,14.934333562850952,0.059549829339631544
443.0,206.0,476.0,14.96642518043518,0.05881214285344011
444.0,208.0,480.0,15.002347230911255,0.061762294767752524
445.0,205.5,478.5,15.034352779388428,0.060656173603767516
446.0,192.5,478.3625793457031,15.066342830657959,0.060554826509377824
447.0,204.0,476.0,15.102372884750366,0.05881214285344011
448.0,206.0,475.0,15.134341955184937,0.05807435766349489
449.0,205.0,474.5,15.166370153427124,0.05770542811117951
450.0,205.5,476.5,15.202309846878052,0.05918099844581315
451.0,205.5,479.5,15.234327793121338,0.06139361253960479
452.0,196.9125213623047,469.9332580566406,15.26637077331543,0.054334680047586015
453.0,195.91915893554688,507.8648681640625,15.30235242843628,0.08226891961948313
454.0,197.6317138671875,492.3992919921875,15.334357738494873,0.07089708369611908
455.0,202.0,478.5,15.366372346878052,0.060656173603767516
456.0,186.77212524414062,487.0147399902344,15.402371644973755,0.06693208382475352
457.0,206.0,474.5,15.434362649917603,0.05770542811117951
458.0,211.8372802734375,468.6875305175781,15.466379165649414,0.053414844687479146
459.0,202.5,472.0,15.502410888671875,0.05586041168218486
460.0,202.0,477.5,15.534395217895508,0.059918635512291374
461.0,200.57994079589844,491.4897155761719,15.566372871398926,0.07022750885518847
462.0,199.30203247070312,481.5620422363281,15.598399877548218,0.06291392896335063
463.0,198.5,486.3586120605469,15.634386539459229,0.06644873357134795
464.0,197.5,491.078125,15.666374206542969,0.06992449330262412
465.0,196.5,499.95928955078125,15.698342323303223,0.07645902716984404
466.0,183.04312133789062,466.988037109375,15.734377384185791,0.05215970856507418
467.0,186.0,479.8935546875,15.766386032104492,0.06168380785959826
468.0,181.39199829101562,502.742919921875,15.798385620117188,0.07850548497313048
469.0,216.0,151.5,15.834384202957153,-0.18468495421019976
470.0,198.5,190.0,15.866381168365479,-0.15547210526922514
471.0,217.31198120117188,192.2925262451172,15.898380756378174,-0.15373441661361734
472.0,226.10617065429688,208.25216674804688,15.934418678283691,-0.14164360285605032
473.0,197.6437225341797,195.47122192382812,15.966349840164185,-0.15132539592490807
474.0,180.50228881835938,185.47259521484375,15.998359680175781,-0.15890442648303763
475.0,173.1185302734375,193.28201293945312,16.034451246261597,-0.152984473844143
476.0,173.6368865966797,201.1623992919922,16.066370487213135,-0.14701333846582842
477.0,173.5,204.6508026123047,16.098389148712158,-0.14437096747765443
478.0,165.4547119140625,209.87863159179688,16.13043713569641,-0.14041205057059042
479.0,171.0,212.79234313964844,16.166367292404175,-0.1382061043598549
480.0,164.31988525390625,225.5899200439453,16.19837737083435,-0.1285219091625486
481.0,139.71795654296875,213.73379516601562,16.230359077453613,-0.1374934231070373
482.0,158.1599884033203,233.7847442626953,16.26639723777771,-0.12232491551443611
483.0,128.2234878540039,224.451171875,16.298377513885498,-0.1293833039013656
484.0,154.0,247.631591796875,16.33036971092224,-0.11186164447704874
485.0,147.21006774902344,246.17324829101562,16.366346836090088,-0.11296315479163724
486.0,152.0,251.0,16.398370265960693,-0.10931787016370614
487.0,155.0,259.0,16.43041157722473,-0.10327887728576168
488.0,157.5,263.5,16.466360092163086,-0.0998835174933714
489.0,161.5,266.5,16.498397827148438,-0.09762058589883554
490.0,166.5,265.0,16.53038001060486,-0.09875198706766442
491.0,175.08863830566406,261.43353271484375,16.56639337539673,-0.10144257496313569
492.0,206.5,274.5,16.598329305648804,-0.09158865829037535
493.0,222.5,282.5,16.630346298217773,-0.08556053348961179
494.0,241.28524780273438,268.32171630859375,16.666375398635864,-0.09624669941674158
495.0,257.104736328125,278.9144592285156,16.698354959487915,-0.08826181736943597
496.0,278.462158203125,309.2440490722656,16.730371713638306,-0.06543744620636913
497.0,302.98681640625,302.1463317871094,16.762458324432373,-0.07077351864966924
498.0,349.51434326171875,323.5408020019531,16.798407554626465,-0.054699382677089126
499.0,365.1955871582031,311.91204833984375,16.830390691757202,-0.0634325042153267
500.0,395.1645812988281,325.5218200683594,16.862442016601562,-0.05321257790171899
501.0,422.22113037109375,346.3760681152344,16.89835023880005,-0.0375778631869676
502.0,434.0,355.5,16.93039321899414,-0.030747543659657428
503.0,448.34979248046875,359.6441345214844,16.962456703186035,-0.027647254996405135
504.0,457.83636474609375,371.4788818359375,16.998430252075195,-0.018800800415476604
505.0,461.212158203125,388.5356750488281,17.030377626419067,-0.0060704199988534935
506.0,465.4891662597656,397.6229553222656,17.062444925308228,0.0007021786354325377
507.0,469.08795166015625,407.10638427734375,17.09842801094055,0.007762615930140826
508.0,473.57763671875,407.5397033691406,17.130381107330322,0.008085039832782692
509.0,475.58251953125,409.58349609375,17.16242480278015,0.009605566472456806
510.0,487.8535461425781,401.3282775878906,17.1984121799469,0.003461709517391165
511.0,487.8736267089844,399.98297119140625,17.230358123779297,0.002459929500359115
512.0,496.37164306640625,399.895263671875,17.262407302856445,0.0023946129355723045
513.0,489.1314697265625,409.5648498535156,17.294403076171875,0.009591695800783895
514.0,498.9015197753906,407.3200378417969,17.330405950546265,0.007921593208195243
515.0,491.8775634765625,409.71429443359375,17.362420558929443,0.009702864644432041
516.0,501.12457275390625,411.4256286621094,17.394428968429565,0.010975754368050206
517.0,501.46759033203125,400.0956726074219,17.430440664291382,0.0025438582862416514
518.0,494.1239929199219,408.7431945800781,17.462449073791504,0.008980448391616769
519.0,500.9844665527344,404.57080078125,17.49440288543701,0.005875617195925775
520.0,482.06201171875,422.8195495605469,17.53040361404419,0.01944402905449949
521.0,486.5,428.0,17.562650203704834,0.02329048368669262
522.0,488.5,424.5,17.594435453414917,0.020692016438716543
523.0,484.5,433.0,17.630351781845093,0.02700066859997252
524.0,492.5,444.0,17.662397146224976,0.035155053711923456
525.0,491.0,446.5,17.694427251815796,0.037006765373046646
526.0,489.0,471.0,17.730459451675415,0.0551222334890501
527.0,494.0,474.0,17.762407302856445,0.057336473950822975
528.0,482.08551025390625,481.29718017578125,17.794473886489868,0.06271867337233333
529.0,468.0,489.5,17.826438426971436,0.0687625087098232
530.0,456.40570068359375,511.8314208984375,17.86239790916443,0.08518152826047748
531.0,445.5,522.0,17.894453763961792,0.09264065817908812
532.0,485.0,537.0,17.926414251327515,0.103623638556326
533.0,474.3263244628906,555.7394409179688,17.96240210533142,0.11730996826646345
534.0,471.02630615234375,560.8378295898438,17.994436740875244,0.12102677378965049
535.0,466.0,559.5,18.02635931968689,0.12005175951681185
536.0,466.5,560.0,18.06238293647766,0.12041618477946031
537.0,471.5,560.0,18.094393968582153,0.12041618477946031
538.0,476.0316162109375,558.2631225585938,18.12641954421997,0.11915013914099554
539.0,510.0,525.0,18.16234588623047,0.0948391963916912
540.0,505.0,503.5,18.19442868232727,0.07906193341455292
541.0,513.3337707519531,462.3583679199219,18.22638463973999,0.04873911425565913
542.0,505.5694274902344,380.4398498535156,18.26241445541382,-0.012109833002402148
543.0,487.5,320.0,18.294389486312866,-0.057357523122084725
544.0,466.5,273.0,18.326417207717896,-0.09271935824757585
545.0,414.3358154296875,239.58880615234375,18.36246347427368,-0.11793789736271648
546.0,401.0892028808594,216.3764190673828,18.394411325454712,-0.135493172555562
547.0,392.8656311035156,192.20924377441406,18.426422119140625,-0.15379753919046868
548.0,413.0155334472656,180.4768524169922,18.458399772644043,-0.16269277019750555
549.0,424.5,156.5,18.494367122650146,-0.18088802679037025
550.0,420.8851623535156,145.6883087158203,18.526469469070435,-0.18909931234396526
551.0,410.0,142.5,18.558409452438354,-0.19152150281866456
552.0,405.0,144.5,18.594361066818237,-0.19000204484233296
553.0,364.02679443359375,146.0,18.62637233734131,-0.1888625346721718
554.0,348.10076904296875,162.707275390625,18.65837025642395,-0.17617551073188276
555.0,328.6253662109375,189.4457550048828,18.69442081451416,-0.15589224470991847
556.0,327.1614990234375,220.7680206298828,18.72640895843506,-0.13216982001914285
557.0,300.5,275.5,18.758354425430298,-0.09083493255000075
558.0,298.5,350.0,18.794393301010132,-0.034864184386460606
559.0,287.50152587890625,433.8368835449219,18.82641839981079,0.027621446051109166
560.0,276.7100830078125,479.5672302246094,18.858360052108765,0.06144318716321945
561.0,277.3445739746094,465.4036560058594,18.894455194473267,0.0509893344271134
562.0,251.88427734375,490.96380615234375,18.926430463790894,0.0698403280039428
563.0,216.62547302246094,502.96173095703125,18.958351135253906,0.07866631561630016
564.0,188.5,484.5,18.990463495254517,0.06507931357287494
565.0,176.0,507.5,19.026355266571045,0.08200091712605195
566.0,162.0,514.0,19.058383226394653,0.08677320057135363
567.0,144.9578857421875,519.5054321289062,19.090453624725342,0.09081179138099088
568.0,134.5,527.547607421875,19.126399755477905,0.09670544186593333
569.0,144.0,549.6744384765625,19.158428192138672,0.11288467544897823
570.0,135.0,550.6199951171875,19.190414905548096,0.11357486626753777
571.0,138.5,518.0,19.22637939453125,0.0897077786814739
572.0,132.24688720703125,516.7531127929688,19.258405685424805,0.0887931884022305
573.0,137.5,523.1504516601562,19.290419816970825,0.09348387610139586
574.0,149.37071228027344,548.0984497070312,19.326391220092773,0.11173409119593503
575.0,162.82008361816406,516.3345947265625,19.358397960662842,0.08848616896054473
576.0,181.5711212158203,515.221923828125,19.390426635742188,0.0876698378232022
577.0,188.04574584960938,509.45550537109375,19.426478624343872,0.08343710994663961
578.0,194.3449249267578,499.02581787109375,19.458388328552246,0.07577258246719037
579.0,221.18505859375,504.920166015625,19.490402698516846,0.08010558501670989
580.0,249.9645233154297,480.220947265625,19.5224392414093,0.06192520551060143
581.0,276.61016845703125,452.6466979980469,19.558387994766235,0.041557044980874425
582.0,303.557861328125,439.1804504394531,19.590404987335205,0.03158365233684002
583.0,339.7273254394531,429.6432189941406,19.622400999069214,0.024510061882254797
584.0,370.0,417.0,19.658467292785645,0.015120203917609154
585.0,396.1842041015625,422.0,19.69041347503662,0.01883529905803527
586.0,417.35675048828125,429.8424377441406,19.722450017929077,0.024657903213616217
587.0,423.15472412109375,419.0900573730469,19.758408069610596,0.016673424566923056
588.0,429.6982727050781,457.7183837890625,19.790416717529297,0.04530882957205634
589.0,452.41015625,448.20721435546875,19.822410106658936,0.03827093797610892
590.0,454.1170349121094,462.5,19.858417749404907,0.048843788666965315
591.0,452.5,468.0,19.89040231704712,0.05290711285462496
592.0,464.27374267578125,446.5190124511719,19.922444105148315,0.03702084537357375
593.0,457.5,446.5,19.95849323272705,0.037006765373046646
594.0,452.0,451.0,19.99038791656494,0.04033837496092435
595.0,455.67388916015625,449.0349426269531,20.022427558898926,0.038883763088214784
596.0,456.5,447.5,20.058460235595703,0.0377472869267631
597.0,460.1070861816406,445.1505432128906,20.09040355682373,0.036007315668997564
598.0,464.5,440.5,20.12244153022766,0.03256168327226333
599.0,472.17578125,445.0860290527344,20.154417753219604,0.03595953022608889
600.0,468.38751220703125,424.0256042480469,20.190409898757935,0.020339731663476468
601.0,489.5882873535156,416.1936950683594,20.222431898117065,0.014520897949538147
602.0,492.3136291503906,404.0949401855469,20.254403829574585,0.0055214171760033515
603.0,496.0511474609375,397.97442626953125,20.290451526641846,0.0009639855747163306
604.0,503.0,383.5,20.32244563102722,-0.00982636080194127
605.0,508.39202880859375,374.1838684082031,20.354427576065063,-0.016780368775608068
606.0,517.1115112304688,361.4999694824219,20.39042854309082,-0.02625930320967962
607.0,521.1630249023438,341.1266784667969,20.42242455482483,-0.0415104415544324
608.0,532.0324096679688,325.2764587402344,20.454421043395996,-0.05339671301897814
609.0,530.5,303.0,20.490403413772583,-0.07013155489593054
610.0,537.7994995117188,289.6760559082031,20.522411108016968,-0.08015658585411023
611.0,538.8350219726562,268.9400634765625,20.554426431655884,-0.09578040341539612
612.0,534.5663452148438,258.4123840332031,20.590489387512207,-0.1037223322791456
613.0,523.1121215820312,237.81228637695312,20.62242102622986,-0.11928050074124544
614.0,508.5,213.0,20.65446376800537,-0.13804890411412984
615.0,497.8600769042969,206.042236328125,20.686443328857422,-0.14331714548830557
616.0,508.7166442871094,191.34829711914062,20.722431182861328,-0.15445009660350675
617.0,495.3536376953125,179.37493896484375,20.754466772079468,-0.16352850084962225
618.0,492.3096618652344,169.2631378173828,20.78638243675232,-0.1711998455032753
619.0,488.9654541015625,162.63815307617188,20.82243251800537,-0.17622798038328688
620.0,482.3382568359375,155.35462951660156,20.85443115234375,-0.1817577296021623
621.0,467.2540283203125,155.42550659179688,20.8864164352417,-0.18170390991254604
622.0,462.0,152.56936645507812,20.922435760498047,-0.18387282195460322
623.0,464.0,140.5,20.95444631576538,-0.19304108615326093
624.0,460.0,137.5,20.986435890197754,-0.19532069239725233
625.0,439.0,133.0,21.022418975830078,-0.19874061043203978
626.0,427.9342956542969,143.32846069335938,21.05449652671814,-0.19089208190623838
627.0,403.8397216796875,150.2832794189453,21.086390733718872,-0.1856090411072473
628.0,346.5489807128906,148.81468200683594,21.122487783432007,-0.18672449098635252
629.0,346.016845703125,174.53355407714844,21.15444254875183,-0.16720094240262282
630.0,300.1905517578125,180.97268676757812,21.186434507369995,-0.16231672730584257
631.0,280.6365051269531,195.3583221435547,21.22248673439026,-0.15141095130232676
632.0,219.4128875732422,204.69692993164062,21.254417419433594,-0.1443360309094628
633.0,165.62864685058594,223.5404815673828,21.286433935165405,-0.1300722322188825
634.0,129.72222137451172,242.36111450195312,21.318495988845825,-0.11584305672130324
635.0,115.0,262.5,21.354461908340454,-0.10063794257306391
636.0,129.88497924804688,288.57354736328125,21.386411428451538,-0.08098662526917438
637.0,155.3098907470703,295.30987548828125,21.41847014427185,-0.07591627657703154
638.0,145.29425048828125,284.5545349121094,21.454477310180664,-0.08401303595912654
639.0,140.5,276.5,21.48645043373108,-0.09008126643606798
640.0,145.0,271.0,21.518449783325195,-0.0942271649497903
641.0,162.5,268.0,21.554463386535645,-0.09648931468874933
642.0,180.5,259.0,21.586485385894775,-0.10327887728576168
643.0,201.5,247.0,21.618427515029907,-0.1123386819100484
644.0,228.0735321044922,247.75491333007812,21.654412984848022,-0.11176850297857013
645.0,204.31109619140625,204.59600830078125,21.686458587646484,-0.14441246849989503
646.0,227.33277893066406,198.05665588378906,21.718430519104004,-0.14936630560779568
647.0,267.5,204.5,21.754510641098022,-0.14448518517890058
648.0,303.29833984375,195.90328979492188,21.78646421432495,-0.15099798022108046
649.0,362.9776306152344,194.63418579101562,21.818437337875366,-0.15195971428310334
650.0,416.0,201.0,21.85051679611206,-0.14713636463783963
651.0,455.5,202.0,21.886489629745483,-0.14637882945553155
652.0,486.5,199.5,21.918503999710083,-0.14827274974946844
653.0,520.25537109375,208.11105346679688,21.950490713119507,-0.14175045892162252
654.0,548.63232421875,218.89706420898438,21.986504316329956,-0.13358555721443782
655.0,592.5984497070312,239.58291625976562,22.018484115600586,-0.11794234837307344
656.0,616.7013549804688,268.26043701171875,22.05049157142639,-0.0962929113857928
657.0,628.8160400390625,279.9830322265625,22.086482524871826,-0.08745669154511856
658.0,638.818603515625,293.95770263671875,22.1184983253479,-0.07693381003298966
659.0,648.583984375,313.8008117675781,22.1505069732666,-0.062013429093569356
660.0,659.7130737304688,328.96307373046875,22.186444759368896,-0.050630481507118935
661.0,666.646728515625,342.46087646484375,22.218457460403442,-0.0405107358508085
662.0,663.551025390625,378.346923828125,22.250500202178955,-0.013672002006790418
663.0,661.3206787109375,412.4736022949219,22.286478757858276,0.011755111442471211
664.0,663.69873046875,432.1068115234375,22.31844687461853,0.026338055542981853
665.0,653.4404907226562,466.2236633300781,22.350481510162354,0.051595099977819525
666.0,643.1355590820312,488.66680908203125,22.382496118545532,0.06814892271100259
667.0,643.4900512695312,486.5306091308594,22.41846466064453,0.06657544297119783
668.0,629.9749755859375,515.554443359375,22.45046091079712,0.08791381051220815
669.0,583.5,531.5,22.482444286346436,0.09959937430686694
670.0,529.9644775390625,552.203369140625,22.518493175506592,0.11473039574921445
671.0,520.6978759765625,557.2964477539062,22.550478219985962,0.11844536225082025
672.0,487.04510498046875,561.164794921875,22.58242654800415,0.12126503624974544
673.0,441.5783996582031,558.09912109375,22.618467092514038,0.11903057747107526
674.0,417.9439697265625,568.9418334960938,22.650477409362793,0.1269286408153747
675.0,392.99114990234375,562.4398803710938,22.68244504928589,0.12219408601610016
676.0,373.1524353027344,561.36181640625,22.718515872955322,0.12140860164654005
677.0,340.0,565.0,22.750492572784424,0.12405887563527701
678.0,309.0,557.5,22.782471418380737,0.11859377555195866
679.0,278.5,546.5,22.818482160568237,0.11056682640075904
680.0,255.0,536.5,22.850470066070557,0.10325793272816935
681.0,255.69580078125,535.4624633789062,22.882524967193604,0.10249897914733724
682.0,264.55682373046875,496.05963134765625,22.918551683425903,0.07359075138384263
683.0,240.52601623535156,480.89404296875,22.950424432754517,0.06242146830134132
684.0,210.0,459.0,22.98248267173767,0.04625651910623846
685.0,210.0,417.5,23.014621019363403,0.015491812557544282
686.0,219.9463653564453,384.160888671875,23.05047869682312,-0.009333308043860955
687.0,222.07249450683594,347.9873962402344,23.08241891860962,-0.03637114514107398
688.0,217.5,312.5,23.114491939544678,-0.06299073573163388
689.0,227.05479431152344,281.4520568847656,23.150479793548584,-0.08634995477434729
690.0,239.0,261.0,23.182477235794067,-0.10176968686586901
691.0,256.5,243.0,23.214465379714966,-0.11536035265487943
692.0,275.5,233.0,23.250494480133057,-0.12291819941797319
693.0,280.0,224.0,23.282494068145752,-0.12972460595271015
694.0,296.0,220.0,23.314555406570435,-0.1327509545386309
695.0,372.5,227.0,23.3505277633667,-0.12745535659570126
696.0,397.5,225.5,23.38249397277832,-0.12858992597155733
697.0,416.5,217.0,23.414446353912354,-0.13502122064412797
698.0,444.0,223.5,23.450574159622192,-0.1301028570685881
699.0,455.0,223.5,23.48248791694641,-0.1301028570685881
700.0,477.92388916015625,233.18161010742188,23.514540672302246,-0.12278089540399034
701.0,504.70306396484375,247.78329467773438,23.5465304851532,-0.11174706741182419
702.0,521.7124633789062,262.5065002441406,23.582468509674072,-0.10063303844181704
703.0,533.637451171875,275.4933776855469,23.614482164382935,-0.09083992376296826
704.0,540.3662109375,288.9030456542969,23.64652943611145,-0.08073854979209436
705.0,552.3596801757812,293.4009094238281,23.682456731796265,-0.0773528402937124
706.0,558.9987182617188,300.5234375,23.714550256729126,-0.07199407587938506
707.0,557.8240966796875,311.60888671875,23.746529579162598,-0.06366029943859292
708.0,559.619384765625,312.9543151855469,23.782520294189453,-0.06264939342553388
709.0,556.6678466796875,311.9977111816406,23.814496755599976,-0.06336813839148356
710.0,553.7981567382812,304.9131774902344,23.846532344818115,-0.06869300660896147
711.0,553.4205322265625,303.9407958984375,23.88249683380127,-0.06942412569445425
712.0,548.3626098632812,285.7878723144531,23.914507627487183,-0.0830841976918458
713.0,542.5,289.0,23.94650626182556,-0.08066555526881236
714.0,537.8422241210938,278.29071044921875,23.982588529586792,-0.08873181829117224
715.0,530.6741333007812,266.0950927734375,24.01449990272522,-0.09792598146211737
716.0,519.3775634765625,255.07656860351562,24.04649782180786,-0.10624013128980447
717.0,519.0437622070312,242.94137573242188,24.08254313468933,-0.11540464478342358
718.0,507.424560546875,231.7451629638672,24.114505290985107,-0.12386694867774162
719.0,502.48065185546875,225.34799194335938,24.14657688140869,-0.12870490794635883
720.0,470.29241943359375,207.22988891601562,24.178505897521973,-0.14241772895125676
721.0,471.5,196.0,24.214510679244995,-0.15092469551572105
722.0,462.83929443359375,200.9340362548828,24.246546268463135,-0.14718633604300646
723.0,462.5081481933594,193.8900909423828,24.278524160385132,-0.15252362541861242
724.0,452.5,193.5,24.31455111503601,-0.15281926463040774
725.0,468.0,185.0,24.346521377563477,-0.15926275923954564
726.0,467.5,190.0,24.37848925590515,-0.15547210526922514
727.0,462.5,188.5,24.41454529762268,-0.15660919349124722
728.0,465.63031005859375,196.29225158691406,24.446558237075806,-0.15070323661549528
729.0,461.5,205.0,24.478517770767212,-0.1441064897391056
730.0,471.33233642578125,219.01197814941406,24.514535188674927,-0.13349859795657673
731.0,476.5284118652344,224.2157745361328,24.546526432037354,-0.12956137580462238
732.0,513.4379272460938,260.6168518066406,24.578534603118896,-0.10205879117236966
733.0,523.8688354492188,284.51678466796875,24.61460566520691,-0.08404146750868627
734.0,520.3017578125,314.39129638671875,24.646517992019653,-0.06156983258409193
735.0,532.2862548828125,356.528076171875,24.678523778915405,-0.02997830256609363
736.0,563.923583984375,394.5431823730469,24.71057152748108,-0.0015923544382404065
737.0,556.0,457.0,24.746533155441284,0.04477755302397646
738.0,542.8634033203125,482.72686767578125,24.778529167175293,0.06377255204230048
739.0,537.6570434570312,495.5,24.810561895370483,0.07317900355514678
740.0,531.0438232421875,507.17413330078125,24.84650421142578,0.08176155019688519
741.0,487.39105224609375,523.3386840820312,24.878494262695312,0.0936218266536532
742.0,480.0,518.9674072265625,24.9105703830719,0.09041725703805537
743.0,469.34478759765625,520.115234375,24.94650912284851,0.09125892289347004
744.0,500.0,508.79998779296875,24.978551626205444,0.08295571901314103
745.0,498.9224548339844,512.7786254882812,25.010595560073853,0.08587680903928546
746.0,491.3139953613281,494.54986572265625,25.046531200408936,0.07247987056158206
747.0,452.1849060058594,471.8534851074219,25.0785710811615,0.05575226370521019
748.0,475.0,423.0,25.110583066940308,0.01957805270909102
749.0,457.5,371.0,25.146591901779175,-0.019158551244947863
750.0,438.1515808105469,326.7285461425781,25.17857336997986,-0.05230703333322731
751.0,434.0119323730469,291.5316162109375,25.210533380508423,-0.07875977239997506
752.0,436.4461669921875,266.2157897949219,25.242568731307983,-0.09783494644658139
753.0,433.5,242.0,25.278557538986206,-0.11611590298580601
754.0,417.0,215.5,25.310548067092896,-0.1361565138824494
755.0,392.5,227.0,25.342579126358032,-0.12745535659570126
756.0,380.0,225.0,25.378560781478882,-0.12896814037773358
757.0,373.0,213.0,25.410532236099243,-0.13804890411412984
758.0,366.5,214.5,25.442588567733765,-0.13691343488274124
759.0,355.0,226.0,25.478514909744263,-0.128211723854862
760.0,348.5,236.0,25.51053547859192,-0.12065030300338997
761.0,348.5,245.5,25.542556524276733,-0.11347170849652471
762.0,355.796630859375,218.52752685546875,25.57858371734619,-0.13386520287763212
763.0,341.8190002441406,274.73822021484375,25.610498905181885,-0.0914091001833556
764.0,304.367431640625,273.5766906738281,25.64256262779236,-0.09228463305930246
765.0,311.73480224609375,294.32598876953125,25.67856240272522,-0.07665665683549155
766.0,285.0,317.0,25.71053719520569,-0.059610348997230306
767.0,308.1588134765625,285.5,25.742543935775757,-0.08330098871311006
768.0,291.0,277.5,25.77860951423645,-0.08932766015552249
769.0,293.0,283.5,25.810547590255737,-0.08480729054957162
770.0,297.5,286.5,25.842530012130737,-0.08254793022884468
771.0,305.0,296.0,25.874558687210083,-0.07539699081021078
772.0,310.041259765625,295.44866943359375,25.910529613494873,-0.07581183831589303
773.0,312.9017333984375,300.44036865234375,25.94250202178955,-0.07205655545302284
774.0,316.0789489746094,296.70062255859375,25.974568367004395,-0.07486983687088597
775.0,318.39788818359375,294.71966552734375,26.010597229003906,-0.07636040548480175
776.0,328.6724853515625,304.1502685546875,26.042553186416626,-0.06926662111868634
777.0,334.45709228515625,302.4780578613281,26.0746328830719,-0.07052405295557312
778.0,331.0,307.5,26.110580444335938,-0.0667483165107752
779.0,333.5,308.5,26.142528295516968,-0.06599666714685512
780.0,330.4302673339844,297.141845703125,26.174612760543823,-0.07453787321209396
781.0,331.81634521484375,286.1595458984375,26.2105975151062,-0.08280430513949594
782.0,329.5380554199219,299.26153564453125,26.242570400238037,-0.07294325344169714
783.0,323.7808837890625,298.3061828613281,26.274617671966553,-0.07366191922110699
784.0,323.0232238769531,295.7086486816406,26.31059956550598,-0.0756162150707371
785.0,326.40753173828125,296.61676025390625,26.342541694641113,-0.07493293387686961
786.0,326.7757873535156,307.9072265625,26.374574184417725,-0.06644221692281324
787.0,334.64093017578125,309.7229309082031,26.40660333633423,-0.06507754218292267
788.0,338.09014892578125,305.18853759765625,26.442562580108643,-0.06848597876134355
789.0,340.9766845703125,306.46759033203125,26.474624156951904,-0.06752439602869742
790.0,344.8790588378906,304.6379089355469,26.506579637527466,-0.06889997060003161
791.0,347.3909606933594,303.6064453125,26.542539596557617,-0.0696755331803619
792.0,352.05194091796875,305.7759704589844,26.574564933776855,-0.0680443375441867
793.0,351.5,304.5,26.60658311843872,-0.06900366097029154
794.0,355.4119567871094,306.4742431640625,26.642544746398926,-0.06751939475881905
795.0,344.2221374511719,305.389404296875,26.674590587615967,-0.06833496147991558
796.0,344.3290710449219,307.404296875,26.70659637451172,-0.06682025517781146
797.0,353.5,313.3823547363281,26.742555618286133,-0.06232780559896231
798.0,354.0,320.5,26.77455496788025,-0.056982112137243385
799.0,346.0,334.5,26.806588411331177,-0.04647768342534658
800.0,346.7283020019531,332.93377685546875,26.842625379562378,-0.047652158697734315
801.0,346.5,328.0,26.87458109855652,-0.05135302653925633
802.0,349.15960693359375,309.0563049316406,26.906586170196533,-0.06557854962999562
803.0,334.90594482421875,288.4703063964844,26.938602447509766,-0.08106435559929706
804.0,323.5741882324219,274.0564270019531,26.97456693649292,-0.09192300971304807
805.0,272.0,254.0,27.006558179855347,-0.10705283313998795
806.0,246.32568359375,247.42861938476562,27.038551807403564,-0.11201494596369976
807.0,225.0,254.5,27.074543952941895,-0.10667537507605093
808.0,230.0,261.5,27.106564044952393,-0.10139242457988357
809.0,249.51953125,271.0791320800781,27.1385977268219,-0.09416750253770792
810.0,265.05487060546875,300.62030029296875,27.174561023712158,-0.07192122186386737
811.0,295.85955810546875,320.0169982910156,27.206596851348877,-0.05734476014944184
812.0,318.5,346.0,27.23854422569275,-0.03785952698863554
813.0,350.28125,378.2366027832031,27.274590253829956,-0.013754355888103531
814.0,367.0,402.5,27.30665111541748,0.0043341055357378755
815.0,370.0,427.5,27.338616132736206,0.022919341273701543
816.0,371.8260498046875,435.4797058105469,27.374619007110596,0.028839861592793448
817.0,368.3333435058594,442.4815979003906,27.406641483306885,0.03403011315877791
818.0,370.00482177734375,452.7063293457031,27.438628911972046,0.041601171488833244
819.0,380.0,471.5,27.474653720855713,0.05549133482160723
820.0,378.5,457.5,27.506633758544922,0.045147330316172796
821.0,369.97271728515625,429.0537109375,27.53862977027893,0.024072563754470422
822.0,357.12091064453125,400.408935546875,27.570647478103638,0.0027771396711483987
823.0,318.38720703125,346.7317810058594,27.606605529785156,-0.03731145447590173
824.0,252.5,279.5,27.63861918449402,-0.08782062792186968
825.0,173.57699584960938,300.7470397949219,27.670644760131836,-0.0718258974113476
826.0,147.2334747314453,279.4889831542969,27.706615209579468,-0.08782892863184158
827.0,111.9646987915039,257.2690734863281,27.738566160202026,-0.10458520766294829
828.0,106.60272979736328,240.05389404296875,27.770631313323975,-0.11758643469316718
829.0,122.12105560302734,198.5157928466797,27.806640625,-0.14901842870063692
830.0,136.66981506347656,145.0736083984375,27.83861517906189,-0.1895662812911318
831.0,142.50462341308594,95.4653549194336,27.87067985534668,-0.2272874531284997
832.0,151.0,76.0,27.906593799591064,-0.24210417730003034
833.0,162.5,44.5,27.938620805740356,-0.2660942485443911
834.0,159.0,20.5,27.97061014175415,-0.28437931763573454
835.0,202.1255340576172,58.62944793701172,28.0066237449646,-0.2553317891713051
836.0,205.8582000732422,53.21190643310547,28.038630723953247,-0.25945808126170133
837.0,604.1220703125,490.6358337402344,28.07060170173645,0.06959885656512876
838.0,206.42495727539062,78.77399444580078,28.102710247039795,-0.2399922297130244
839.0,447.5,567.0,28.1386296749115,0.12551515397820867
840.0,212.0,96.0,28.17065119743347,-0.22688059484796502
841.0,220.0,87.0,28.202650547027588,-0.23373026360092436
842.0,224.5,78.5,28.23867678642273,-0.24020082623526495
843.0,231.02713012695312,77.99788665771484,28.270581483840942,-0.24058309683656995
844.0,205.0,36.0,28.302637577056885,-0.2725697200542797
845.0,193.41656494140625,105.94719696044922,28.338633060455322,-0.2193120413294932
846.0,154.0,257.5,28.37061905860901,-0.10441091771054739
847.0,186.0,425.5,28.402635097503662,0.021434547485196187
848.0,152.8970489501953,477.8099060058594,28.43865656852722,0.06014721358843539
849.0,151.85411071777344,518.5253295898438,28.470627069473267,0.09009305790959737
850.0,158.5,529.474365234375,28.50275421142578,0.09811642041536145
851.0,159.91038513183594,509.8631591796875,28.538769245147705,0.08373645505587973
852.0,182.97161865234375,476.3576354980469,28.57067084312439,0.05907597707445966
853.0,190.62066650390625,434.360107421875,28.60265612602234,0.028009526940943108
854.0,191.3159637451172,364.00921630859375,28.638686180114746,-0.024383096312795116
855.0,161.86463928222656,265.91778564453125,28.670634031295776,-0.0980597158404255
856.0,167.0,168.5,28.702661991119385,-0.17177895890865896
857.0,152.5,113.5,28.734673738479614,-0.21356684983180474
858.0,142.5,65.0,28.77060580253601,-0.2504801219448207
859.0,180.0,35.0,28.802640438079834,-0.2733315806709366
860.0,184.0,23.5,28.83468270301819,-0.28209347848283906
861.0,204.70758056640625,79.26048278808594,28.870620012283325,-0.23962186127891927
862.0,208.51747131347656,79.07664489746094,28.90277099609375,-0.23976181841571476
863.0,212.5,92.67308044433594,28.934854745864868,-0.22941243646947823
864.0,209.89500427246094,99.87580108642578,28.970863819122314,-0.22393134137555135
865.0,214.39537048339844,120.26194763183594,29.002832174301147,-0.20842444629375317
866.0,189.06521606445312,98.91304016113281,29.03488516807556,-0.22466391462239985
867.0,209.04490661621094,117.33464050292969,29.070815563201904,-0.21065049367792815
868.0,127.0,287.0,29.102633476257324,-0.08217142418531145
869.0,136.5,430.5,29.13459062576294,0.02514585837069694
870.0,112.80199432373047,468.49017333984375,29.170730352401733,0.053269103833084586
871.0,103.14547729492188,493.01007080078125,29.202685594558716,0.07134665472213514
872.0,108.75248718261719,489.4533996582031,29.234694242477417,0.0687281927167972
873.0,126.61369323730469,475.7726135253906,29.266647815704346,0.05864438914380593
874.0,134.3787078857422,441.3382263183594,29.30264401435852,0.03318288108426071
875.0,148.30184936523438,406.4037170410156,29.3346688747406,0.007239741295193336
876.0,157.2511749267578,339.4193115234375,29.366645574569702,-0.042789949700894725
877.0,150.42889404296875,256.1889953613281,29.40265202522278,-0.1054004275408135
878.0,161.0084991455078,208.2874298095703,29.43467926979065,-0.1416169005356221
879.0,192.5,182.0,29.466659545898438,-0.16153763961463866
880.0,192.3093719482422,172.5359344482422,29.502644777297974,-0.16871650333008886
881.0,180.0,90.5,29.534786701202393,-0.2310663098778195
882.0,172.5,134.5,29.56701922416687,-0.19760057091076594
883.0,166.0,70.5,29.602983474731445,-0.2462919140681093
884.0,199.0,160.0,29.634644269943237,-0.1782306873407566
885.0,179.0,127.5,29.66666865348816,-0.2029213132449203
886.0,152.5,144.0,29.70269250869751,-0.19038189748900058
887.0,185.0,263.0,29.734656810760498,-0.10026072290431037
888.0,143.5,417.5,29.76664662361145,0.015491812557544282
889.0,116.46932220458984,464.15643310546875,29.79869532585144,0.05006784638422085
890.0,82.5,503.58538818359375,29.834715127944946,0.07912468939301281
891.0,80.56349182128906,547.0935668945312,29.866657972335815,0.11100031063200255
892.0,67.5,575.5,29.898686170578003,0.13169921142912333
893.0,450.0,565.0,29.934645175933838,0.12405887563527701
894.0,479.0,567.0,29.966679573059082,0.12551515397820867
895.0,447.5,550.5,29.998697996139526,0.11348728368048461
896.0,610.0,457.5,30.034660816192627,0.045147330316172796
897.0,471.0,573.5,30.066718339920044,0.13024488870544348
898.0,602.5,486.5,30.098681926727295,0.0665528935919733
899.0,467.3289489746094,555.5986938476562,30.134647130966187,0.117207319814214
900.0,456.1666564941406,571.8333129882812,30.166682958602905,0.12903258510501614
901.0,482.43682861328125,567.0052490234375,30.19865894317627,0.12551897539578294
902.0,354.0,233.5,30.2346830368042,-0.12254018481430828
903.0,617.10546875,515.19775390625,30.266728401184082,0.08765210366992876
904.0,350.4800720214844,230.159423828125,30.29868769645691,-0.12506599794068735
905.0,605.5621337890625,469.416748046875,30.33471441268921,0.053953311503290025
906.0,352.73944091796875,227.23280334472656,30.366774797439575,-0.12727927885988055
907.0,317.0,576.5,30.398663997650146,0.13242619901919378
908.0,339.0,561.5,30.43073034286499,0.1215092904844543
909.0,400.0,560.0,30.46676468849182,0.12041618477946031
910.0,425.01251220703125,549.0,30.498636960983276,0.11239232112749403
911.0,401.5,543.0,30.53074073791504,0.10800996823722331
912.0,408.5,538.5,30.566693544387817,0.10472059178984583
913.0,413.07781982421875,546.3157958984375,30.598647117614746,0.11043229346544375
914.0,414.6510009765625,540.44140625,30.630680561065674,0.1061399798195779
915.0,420.0,521.5,30.666675567626953,0.09227414151553676
916.0,427.5,517.0,30.69867467880249,0.0889742929632269
917.0,425.0,508.0,30.730669260025024,0.08236817295525878
918.0,418.5,504.0,30.766688346862793,0.07942939727769455
919.0,420.0,505.5,30.79868173599243,0.0805316332162303
920.0,418.5,512.5,30.83070135116577,0.08567229813515359
921.0,420.5,523.0,30.866739749908447,0.09337361134022348
922.0,393.08673095703125,528.3905639648438,30.89865803718567,0.09732279430579105
923.0,361.3934326171875,520.6739501953125,30.93072748184204,0.09166856101093429
924.0,368.41705322265625,535.2411499023438,30.962722301483154,0.10233707407469228
925.0,349.0,560.0,30.998733520507812,0.12041618477946031
926.0,352.0,551.5,31.030649662017822,0.11421711907921767
927.0,437.5559997558594,554.783203125,31.06268572807312,0.11661252919289039
928.0,417.5,540.5,31.09875226020813,0.10618281205163271
929.0,467.1557922363281,542.9048461914062,31.130769968032837,0.10794043651148855
930.0,470.0,543.0,31.162768602371216,0.10800996823722331
931.0,452.721435546875,547.3499755859375,31.198673725128174,0.11118755479379366
932.0,442.5,568.5,31.230687856674194,0.1266070622491683
933.0,422.0,576.5714111328125,31.262784004211426,0.13247810958830208
934.0,302.9859313964844,186.96786499023438,31.298718452453613,-0.15777073780764173
935.0,425.5,514.3974609375,31.330719232559204,0.08706487130264234
936.0,420.5,485.0,31.362725019454956,0.0654477462223218
937.0,202.5,0.0,31.398755073547363,-0.3
938.0,295.8611145019531,157.97222900390625,31.430715084075928,-0.17977020002395602
939.0,607.5,482.0,31.498769998550415,0.06323677488925955
940.0,307.452392578125,171.0,31.530775785446167,-0.16988189413640362
941.0,245.0,221.5,31.56274127960205,-0.1316159831036941
942.0,261.5,192.0,31.594679594039917,-0.15395613334988498
943.0,325.0,177.5,31.66273307800293,-0.16495063131370583
944.0,690.77587890625,569.77587890625,31.73069453239441,0.12753562089197135
945.0,338.5,182.5,31.762705326080322,-0.16115846780466017
946.0,244.0,177.0,31.79471206665039,-0.16532990161064673
947.0,260.5,237.5,31.83081889152527,-0.11951652783133959
948.0,362.5,184.0,31.862717390060425,-0.16002101246122358
949.0,278.5,202.0,31.894773483276367,-0.14637882945553155
950.0,623.5,548.5,31.930674076080322,0.11202727783962785
951.0,372.5,201.5,31.962677240371704,-0.14675759153967832
952.0,146.0,559.0,32.03077054023743,0.11968730594182425
953.0,154.5,542.9794311523438,32.06269097328186,0.10799493805154115
954.0,152.5,536.1591186523438,32.09472990036011,0.10300859246252941
955.0,159.0,533.2135620117188,32.126731634140015,0.10085351424536276
956.0,158.5,532.9042358398438,32.162739515304565,0.10062714492936758
957.0,160.5,534.4354858398438,32.19471716880798,0.10174763374630702
958.0,159.0,534.3333129882812,32.226726055145264,0.10167287693828359
959.0,163.5,535.0806274414062,32.26275897026062,0.10221963820324514
960.0,167.21148681640625,537.6931762695312,32.29479932785034,0.10413059049578421
961.0,165.5131378173828,537.451904296875,32.326759338378906,0.10395414308752304
962.0,165.0,537.8837280273438,32.36278319358826,0.10426994060717448
963.0,167.5,533.4072265625,32.39477491378784,0.10099523543445416
964.0,174.37965393066406,539.887451171875,32.42676496505737,0.10573501809564212
965.0,170.0,538.2000122070312,32.46301770210266,0.10450122979712001
966.0,169.7024383544922,537.7754516601562,32.49476599693298,0.10419075880903111
967.0,171.0,537.9166870117188,32.52678370475769,0.10429404304150514
968.0,172.13275146484375,540.6190795898438,32.56294369697571,0.10626985847577969
969.0,169.0,540.4476928710938,32.59484791755676,0.10614457537923383
970.0,172.0,538.4347534179688,32.626784324645996,0.10467288195424401
971.0,170.3741455078125,537.19384765625,32.65887928009033,0.10376541363270492
972.0,175.0,537.89013671875,32.6947877407074,0.10427462720095176
973.0,175.3721466064453,539.4330444335938,32.726811170578,0.10540280471501107
974.0,169.5,539.46630859375,32.75883197784424,0.10542712466435572
975.0,170.0,539.6279296875,32.79505968093872,0.10554528665118323
976.0,174.88597106933594,535.7280883789062,32.82678508758545,0.10269329389440346
977.0,171.0,536.6129150390625,32.85885310173035,0.10334052249457287
978.0,172.63392639160156,536.0267944335938,32.894758224487305,0.10291179947957774
979.0,172.5,538.0999755859375,32.926767349243164,0.10442807718465241
980.0,170.0,539.7303466796875,32.958837032318115,0.10562016273859576
981.0,171.5,542.9235229492188,32.99474096298218,0.10795408425430914
982.0,171.0,535.75,33.02677059173584,0.1027093227310159
983.0,168.0,536.9945678710938,33.05862903594971,0.10361966558089986
984.0,169.5,538.1451416015625,33.09470510482788,0.10446110534566527
985.0,170.0,537.3424072265625,33.12669277191162,0.1038740634100282
986.0,171.0,536.1373901367188,33.15876865386963,0.1029926985431408
987.0,171.0,537.3010864257812,33.19479203224182,0.10384384348037035
988.0,170.5,536.8829956054688,33.22679924964905,0.10353806262974108
989.0,168.0,539.7135009765625,33.25876450538635,0.10560784708471849
990.0,169.0,536.4500122070312,33.29071807861328,0.10322136957009254
991.0,168.5,530.9141235351562,33.32670712471008,0.09917050369757913
992.0,172.0,539.3033447265625,33.359288930892944,0.1053079780634919
993.0,172.80731201171875,537.7393188476562,33.390705585479736,0.10416433483401988
994.0,170.621826171875,538.7028198242188,33.42680549621582,0.10486889543396044
995.0,170.5,540.1629028320312,33.45872616767883,0.10593638770216013
996.0,171.06459045410156,539.5430908203125,33.490710735321045,0.105483260890601
997.0,168.5,536.6935424804688,33.52684664726257,0.10339949519870278
998.0,176.5,540.1383056640625,33.558725357055664,0.10591840622191945
999.0,170.0,534.3541870117188,33.59067749977112,0.10168814992702963
1000.0,174.9178924560547,534.7542114257812,33.62667274475098,0.1019808283762979
1001.0,168.0,531.6071166992188,33.65859508514404,0.09967778135691546
1002.0,172.29974365234375,535.1083984375,33.69073224067688,0.10223995525668345
1003.0,170.65866088867188,535.3453979492188,33.7268180847168,0.10241333890627785
1004.0,169.5,540.2411499023438,33.75917935371399,0.10599358889154542
1005.0,170.72274780273438,539.5995483398438,33.791115522384644,0.10552453711427778
1006.0,171.25392150878906,537.8743286132812,33.82313370704651,0.1042630669281589
1007.0,168.4283447265625,539.2605590820312,33.85910224914551,0.10527669601925543
1008.0,170.74359130859375,535.3717651367188,33.89068341255188,0.1024326281839138
1009.0,168.0,540.7529907226562,33.922725677490234,0.10636774479930977
1010.0,168.5,532.5,33.95874762535095,0.10033130367879323
1011.0,166.5,533.7164916992188,33.99070692062378,0.10122154315865078
1012.0,165.74359130859375,535.3717651367188,34.02273201942444,0.1024326281839138
1013.0,164.0,532.8421020507812,34.0587100982666,0.10058167327895434
1014.0,174.4940948486328,537.3661499023438,34.09072756767273,0.10389142750955227
1015.0,168.0,535.8693237304688,34.12271547317505,0.10279660976481425
1016.0,165.80685424804688,534.9298095703125,34.15869188308716,0.10210929950519365
1017.0,165.0,535.3912963867188,34.19077777862549,0.10244691648878779
1018.0,162.5,531.9183959960938,34.222758531570435,0.09990562383667084
1019.0,162.5,535.2222290039062,34.258769035339355,0.10232323196988041
1020.0,163.5,536.7069091796875,34.290740728378296,0.10340927183112497
1021.0,162.5,530.6428833007812,34.32277750968933,0.09897193905948781
1022.0,161.5,532.0,34.35482048988342,0.099965352566115
1023.0,163.0,530.1212158203125,34.390727043151855,0.09859002377255299
1024.0,161.0,528.0679321289062,34.4227499961853,0.09708651887919417
1025.0,160.0,528.5,34.454705238342285,0.09740293587766924
1026.0,158.0,531.5,34.49073886871338,0.09959937430686694
1027.0,157.0,529.2525024414062,34.52272653579712,0.09795396913361365
1028.0,163.2666015625,528.1423950195312,34.55469274520874,0.0971410518515648
1029.0,160.0,529.7249755859375,34.590752840042114,0.09829991468986748
1030.0,159.0,528.0,34.62270975112915,0.09703676819478041
1031.0,162.5,527.0,34.6546630859375,0.09630435192754272
1032.0,160.0,530.9642944335938,34.69070911407471,0.09920723102631906
1033.0,162.5,529.9356689453125,34.72283911705017,0.09845417690297592
1034.0,160.0,532.015625,34.75486183166504,0.09997678894940804
1035.0,158.0,532.6030883789062,34.7908730506897,0.10040675091527795
1036.0,161.0,538.6144409179688,34.82274007797241,0.10480427255315988
1037.0,165.0,526.0,34.854750633239746,0.09557182793557689
1038.0,156.5,529.0,34.89076209068298,0.09776907656464828
1039.0,164.5,532.5,34.92284917831421,0.10033130367879323
1040.0,155.0,522.5,34.954854011535645,0.09300714812788002
1041.0,155.0,529.5,34.98685956001282,0.09813519023416356
1042.0,161.5,526.5,35.023237228393555,0.09593810338635422
1043.0,151.9531707763672,529.1405029296875,35.05517029762268,0.09787195938123416
1044.0,151.0,525.5,35.08729577064514,0.09520552559681705
1045.0,153.5,526.5,35.12313151359558,0.09593810338635422
1046.0,154.78395080566406,526.4382934570312,35.15519714355469,0.09589290165780368
1047.0,151.5,531.0,35.18721055984497,0.09923336892254053
1048.0,155.0,523.0,35.22321915626526,0.09337361134022348
1049.0,152.5,517.5,35.25520443916321,0.08934104908189655
1050.0,154.0,514.0,35.286747217178345,0.08677320057135363
1051.0,158.6971893310547,507.908447265625,35.32273983955383,0.08230092835608932
1052.0,156.0,508.5,35.35478615760803,0.08273540268117802
1053.0,155.0,511.0,35.38671684265137,0.08457115899264356
1054.0,150.0,514.5,35.422868490219116,0.08714011534658084
1055.0,610.4571533203125,560.5904541015625,35.454729318618774,0.12084650107447548
1056.0,607.0,571.0,35.48672533035278,0.12842633535498776
1057.0,224.5,572.0,35.61873412132263,0.12915384321034917
1058.0,49.0,572.0,35.65477657318115,0.12915384321034917
1059.0,536.0,571.0,35.68675994873047,0.12842633535498776
1060.0,483.5,570.0,35.71871614456177,0.127698712338692
1061.0,636.5,561.0,35.7549090385437,0.12114495028416244
1062.0,139.5,575.5,35.78722023963928,0.13169921142912333
1063.0,627.5,557.5,35.88676142692566,0.11859377555195866
1064.0,642.0,567.5,35.91879487037659,0.1258791520541661
1065.0,618.5,536.5,35.95477223396301,0.10325793272816935
1066.0,607.1041870117188,545.0,36.55478096008301,0.10947119621244306
1067.0,150.0,505.0,36.97475004196167,0.08016424720058563
1068.0,153.0,510.5,37.03478980064392,0.08420406011260412
1069.0,155.5,514.5,37.09473776817322,0.08714011534658084
1070.0,158.94699096679688,517.1589965820312,37.1587598323822,0.08909092177616157
1071.0,160.0,520.5,37.21872901916504,0.09154102813096432
1072.0,163.5,520.0,37.278722286224365,0.09117443145337323
1073.0,164.0,520.5,37.338751554489136,0.09154102813096432
1074.0,164.73193359375,525.5361328125,37.39880871772766,0.09523199756513051
1075.0,168.0,519.0,37.45925784111023,0.0904411582362335
1076.0,167.5,528.5,37.519206285476685,0.09740293587766924
1077.0,166.5,522.0,37.57904267311096,0.09264065817908812
1078.0,167.5,522.5,37.63878107070923,0.09300714812788002
1079.0,166.5,520.6764526367188,37.698686599731445,0.09167039567093127
1080.0,167.5,523.6947021484375,37.75919699668884,0.09388273248096535
1081.0,166.5,526.2963256835938,37.81876349449158,0.09578890482922303
1082.0,168.35830688476562,527.8597412109375,37.87881326675415,0.09693404687756363
1083.0,167.5,529.4028930664062,37.93880009651184,0.0980640879976385
1084.0,168.5,524.5789184570312,37.998881340026855,0.09453066663346299
1085.0,166.68133544921875,526.92431640625,38.05931878089905,0.09624891564512972
1086.0,166.76541137695312,523.9910888671875,38.11924386024475,0.09409992745282536
1087.0,170.0,527.8532104492188,38.17883801460266,0.0969292638924586
1088.0,167.5,527.4065551757812,38.23882865905762,0.09660213255685124
1089.0,169.5,526.5636596679688,38.29888677597046,0.09598473540280777
1090.0,168.5,532.4603881835938,38.35889005661011,0.10030231269285067
1091.0,167.5,530.6142578125,38.4189133644104,0.09895098296539084
1092.0,169.0,526.2142944335938,38.48292851448059,0.09572881280980378
1093.0,169.27923583984375,534.0838623046875,38.54282903671265,0.10149035658278305
1094.0,167.5,529.451904296875,38.6028094291687,0.09809997442047041
1095.0,167.5,525.1936645507812,38.66278600692749,0.09498108953997458
1096.0,167.5,528.9716796875,38.72281527519226,0.09774833884890194
1097.0,164.0,528.1333618164062,38.782909870147705,0.0971344364081197
1098.0,167.0,524.4561157226562,38.842857360839844,0.09444068452008869
1099.0,166.0,528.7857055664062,38.90289258956909,0.09761215604942264
1100.0,167.5,526.2363891601562,38.96280527114868,0.09574499838032485
